Date,Ventes,Prix,Promo,Saison,JourFerie
2020-01-01,152,11.249759870510523,0,50.0,0
2020-01-02,142,8.777259474401692,0,50.10009842843179,0
2020-01-03,64,13.36564813292333,1,50.200186827054736,0
2020-01-04,156,10.874536042340743,0,50.30025516706496,1
2020-01-05,121,7.940446792209715,0,50.400293421668465,0
2020-01-06,70,12.140591997898282,0,50.50029156708579,0
2020-01-07,152,10.276477301447859,0,50.60023958355637,0
2020-01-08,171,10.34455891257247,0,50.700127456342585,0
2020-01-09,124,9.810879483875858,0,50.799945176733125,0
2020-01-10,137,9.97011948821249,0,50.89968274304595,0
2020-01-11,166,12.653562810662407,0,50.99933016163039,0
2020-01-12,149,6.029814793313156,0,51.09887744786855,0
2020-01-13,153,8.343628113104822,0,51.19831462717573,0
2020-01-14,180,5.755033638038892,0,51.29763173599989,0
2020-01-15,199,12.53246220747451,0,51.39681882281999,0
2020-01-16,102,7.723018547202995,1,51.49586594914311,0
2020-01-17,51,13.974304098188842,0,51.59476319050032,0
2020-01-18,137,10.265784666592937,0,51.69350063744107,0
2020-01-19,87,13.007497714861211,0,51.792068396526126,0
2020-01-20,179,14.789314356159611,0,51.89045659131888,0
2020-01-21,70,13.397888594565705,0,51.98865536337499,0
2020-01-22,107,13.669937600115235,0,52.08665487323014,0
2020-01-23,71,9.079844953648447,0,52.18444530138601,0
2020-01-24,138,10.517225952593398,0,52.28201684929414,0
2020-01-25,98,7.538885640433043,0,52.37935974033775,0
2020-01-26,108,6.9611309969345285,0,52.476464220811366,0
2020-01-27,64,10.055078791060339,0,52.573320560898104,0
2020-01-28,100,10.950489797004206,1,52.66991905564465,0
2020-01-29,157,8.39271245896191,0,52.766250025933616,0
2020-01-30,104,10.694435177635004,0,52.862303819453444,0
2020-01-31,113,13.87460482513503,0,52.958070811665536,0
2020-02-01,180,10.567215847833662,1,53.05354140676864,0
2020-02-02,100,12.208130963105067,0,53.1487060386603,0
2020-02-03,184,13.053149673579052,1,53.24355517189545,0
2020-02-04,70,14.887287819554428,0,53.33807930264181,0
2020-02-05,122,11.031974021769795,0,53.432268959632154,0
2020-02-06,67,13.06850148962586,1,53.52611470511338,0
2020-02-07,181,14.626493185548746,0,53.6196071357921,0
2020-02-08,138,14.444097255772734,0,53.71273688377692,0
2020-02-09,109,6.410818487777136,0,53.80549461751701,0
2020-02-10,63,9.06392308273522,1,53.89787104273721,0
2020-02-11,58,8.239900611067997,0,53.989856903369244,0
2020-02-12,139,5.869250149503493,0,54.0814429824792,0
2020-02-13,102,11.332407749109606,0,54.172620103191086,0
2020-02-14,179,12.359046131960023,0,54.263379129606285,0
2020-02-15,133,13.481280954668835,0,54.353710967719024,0
2020-02-16,141,6.227768896627085,1,54.443606566327574,0
2020-02-17,160,13.764440758752938,1,54.53305691794116,0
2020-02-18,57,11.429255636142532,1,54.622053059682514,0
2020-02-19,84,12.039461351385095,0,54.71058607418597,0
2020-02-20,130,14.10624003540304,0,54.798647090490945,0
2020-02-21,99,11.247612710432511,0,54.886227284930825,0
2020-02-22,153,8.358658571498351,0,54.973317882017106,0
2020-02-23,181,13.251073314226598,0,55.05991015531866,0
2020-02-24,51,8.630592121950905,1,55.145995428336136,0
2020-02-25,183,5.342281108205292,0,55.23156507537134,0
2020-02-26,103,13.306545065652497,0,55.31661052239154,0
2020-02-27,155,8.451921448812756,0,55.40112324788854,0
2020-02-28,53,12.738345232013403,0,55.48509478373257,0
2020-02-29,103,8.627578946659455,0,55.568516716020774,0
2020-03-01,195,13.610680199747216,0,55.65138068592027,0
2020-03-02,93,7.195105250809587,0,55.733678390505716,0
2020-03-03,63,14.745472651988699,0,55.81540158359123,0
2020-03-04,144,12.797587747880307,0,55.89654207655672,0
2020-03-05,97,6.1423792592039685,0,55.97709173916828,0
2020-03-06,64,10.657766199665605,0,56.05704250039292,0
2020-03-07,89,14.853673122417346,0,56.13638634920724,0
2020-03-08,131,9.710654526938143,0,56.21511533540014,0
2020-03-09,160,6.821071388215833,0,56.293221570369425,0
2020-03-10,102,9.84778367150346,0,56.37069722791224,0
2020-03-11,73,10.124576558819216,0,56.44753454500924,1
2020-03-12,173,12.416869442286655,1,56.52372582260246,0
2020-03-13,90,11.988458531609044,0,56.59926342636675,0
2020-03-14,64,9.025500435969805,0,56.67413978747471,0
2020-03-15,94,7.180231074940865,0,56.74834740335512,0
2020-03-16,114,11.450541677693295,0,56.82187883844466,0
2020-03-17,138,9.217039345532818,0,56.894726724932966,0
2020-03-18,120,6.322762111253304,0,56.96688376350088,0
2020-03-19,58,14.005723012363857,0,57.038342724051844,0
2020-03-20,137,11.912218576096544,0,57.10909644643631,0
2020-03-21,178,11.831838564454813,0,57.17913784116926,0
2020-03-22,185,13.225838759116739,0,57.24845989014049,0
2020-03-23,112,10.29661678655081,0,57.31705564731787,0
2020-03-24,188,13.150544284024571,0,57.38491823944332,0
2020-03-25,130,9.980907535110058,0,57.452040866721504,0
2020-03-26,185,5.671753999157101,0,57.51841680350116,0
2020-03-27,82,9.052480880276887,0,57.58403939894902,0
2020-03-28,172,9.974648939798906,1,57.64890207771621,0
2020-03-29,54,12.202025816322958,0,57.712998340597096,0
2020-03-30,90,6.065787301286743,1,57.776321765180526,0
2020-03-31,77,6.40018538660449,0,57.838866006493305,0
2020-04-01,184,7.636838026346164,0,57.90062479763599,0
2020-04-02,121,7.664983933708822,0,57.961591950410835,0
2020-04-03,61,12.321845784590623,0,58.021761355941834,1
2020-04-04,82,7.507306605615978,0,58.0811269852868,0
2020-04-05,97,11.330980633574477,0,58.13968289004153,0
2020-04-06,111,9.942738501382713,0,58.19742320293575,0
2020-04-07,86,10.732943781794006,1,58.25434213842109,0
2020-04-08,148,13.381069631782958,0,58.310433993250726,0
2020-04-09,153,9.043815015490242,0,58.36569314705089,0
2020-04-10,84,12.709113770642706,0,58.420114062884004,0
2020-04-11,150,9.220360595506873,0,58.47369128780349,0
2020-04-12,180,8.538713765612496,0,58.52641945340014,0
2020-04-13,50,14.586271773132205,0,58.57829327634003,0
2020-04-14,54,6.843709206789632,0,58.62930755889393,0
2020-04-15,191,5.903369605776079,0,58.67945718945808,0
2020-04-16,152,12.709859255354786,1,58.7287371430664,0
2020-04-17,76,5.682497053540915,0,58.77714248189395,0
2020-04-18,186,13.370789907030293,0,58.824668355751754,0
2020-04-19,64,9.371933963572435,1,58.87131000257273,0
2020-04-20,139,14.15513677291914,0,58.91706274888888,0
2020-04-21,91,12.215328611219057,0,58.96192201029956,0
2020-04-22,173,11.104046670079576,1,59.005883291930836,0
2020-04-23,112,14.493067970577657,0,59.04894218888586,0
2020-04-24,145,8.966493730520543,0,59.09109438668625,0
2020-04-25,101,14.54086936539633,0,59.13233566170439,0
2020-04-26,145,6.350012774212069,0,59.17266188158664,0
2020-04-27,181,9.837549419324127,0,59.2120690056674,0
2020-04-28,192,7.699112223921949,1,59.25055308537396,0
2020-04-29,78,10.398427789081934,0,59.288110264622176,0
2020-04-30,85,6.620138778915846,0,59.32473678020283,0
2020-05-01,62,13.415296603100433,1,59.36042896215869,0
2020-05-02,120,13.464078493145573,0,59.395183234152285,0
2020-05-03,135,14.55236312723479,0,59.428996113824184,0
2020-05-04,77,6.546721408832362,0,59.461864213141986,0
2020-05-05,115,11.233325509049907,0,59.49378423873976,0
2020-05-06,94,9.742373087003696,0,59.524752992248054,0
2020-05-07,111,8.443837320442332,1,59.554767370614385,0
2020-05-08,183,8.515401611342188,0,59.583824366414134,0
2020-05-09,77,9.127935506067523,0,59.6119210681519,0
2020-05-10,77,12.049255496889531,0,59.63905466055324,0
2020-05-11,157,10.982860582681546,1,59.665222424846746,0
2020-05-12,93,9.596815127611311,1,59.69042173903647,0
2020-05-13,133,5.7593341036962205,0,59.71465007816464,0
2020-05-14,79,5.777653440789571,0,59.73790501456467,0
2020-05-15,124,5.023393906257782,0,59.7601842181044,1
2020-05-16,177,14.676993882070864,0,59.78148545641959,0
2020-05-17,141,5.052538185583849,0,59.80180659513758,1
2020-05-18,178,6.030937460137449,0,59.821145598091164,0
2020-05-19,170,8.145965568094109,1,59.83950052752263,0
2020-05-20,76,13.074302518167611,0,59.85686954427788,0
2020-05-21,170,14.620987857641177,0,59.87325090799075,0
2020-05-22,165,12.90013558791856,0,59.88864297725739,0
2020-05-23,52,11.905602324456407,0,59.90304420980071,0
2020-05-24,152,10.213006674135695,0,59.916453162624926,0
2020-05-25,186,5.867052118621836,0,59.92886849216016,0
2020-05-26,111,14.581707930039304,0,59.940288954397055,0
2020-05-27,100,12.583924139456816,0,59.95071340501141,0
2020-05-28,108,11.389493853342618,1,59.96014079947888,0
2020-05-29,167,12.590358455388499,0,59.96857019317957,0
2020-05-30,145,12.241033292731386,0,59.976000741492776,1
2020-05-31,162,11.372315797894869,1,59.98243169988153,0
2020-06-01,111,14.805768001799882,0,59.98786242396725,0
2020-06-02,101,14.03363812636025,0,59.992292369594296,0
2020-06-03,61,11.466649191171634,1,59.995721092884494,0
2020-06-04,88,11.931752114569248,0,59.9981482502816,0
2020-06-05,179,5.5159580665871,0,59.99957359858576,0
2020-06-06,180,11.699174645500392,0,59.99999699497783,0
2020-06-07,162,5.441654377101002,0,59.99941839703372,0
2020-06-08,150,10.88263756969931,0,59.99783786272863,0
2020-06-09,162,14.993534995658349,0,59.99525555043125,0
2020-06-10,130,10.558065814371798,0,59.99167171888789,0
2020-06-11,162,9.732101180813334,0,59.987086727196555,0
2020-06-12,51,8.128548565055876,0,59.98150103477094,0
2020-06-13,179,6.205225787864644,0,59.974915201294436,0
2020-06-14,103,12.310236714582816,0,59.96732988666403,0
2020-06-15,136,6.925990277856304,1,59.95874585092418,0
2020-06-16,178,6.152820212472844,0,59.94916395419067,0
2020-06-17,196,9.217626597305125,1,59.938585156564386,0
2020-06-18,175,12.953418379590975,0,59.92701051803521,0
2020-06-19,179,12.450645481202205,0,59.9144411983757,0
2020-06-20,102,5.54882614646475,0,59.900878457024945,1
2020-06-21,117,9.551436850361561,1,59.88632365296235,0
2020-06-22,172,10.224345760711689,0,59.8707782445715,0
2020-06-23,194,11.44546650625822,0,59.85424378949395,0
2020-06-24,87,11.501673504432281,0,59.836721944473254,0
2020-06-25,73,8.64697249457306,0,59.81821446518887,0
2020-06-26,118,10.60677194003514,0,59.79872320608031,0
2020-06-27,165,9.810618838440863,1,59.778250120161275,1
2020-06-28,147,13.849983565232812,1,59.756797258824,0
2020-06-29,188,10.302651326349002,0,59.73436677163369,0
2020-06-30,193,9.410321617481616,0,59.710960906113115,0
2020-07-01,146,9.044854496818507,0,59.68658200751747,0
2020-07-02,173,10.724277594334657,0,59.66123251859932,0
2020-07-03,119,13.039769794008976,0,59.63491497936384,1
2020-07-04,142,10.384014903807875,0,59.607632026814365,0
2020-07-05,52,11.616551750805415,0,59.5793863946881,0
2020-07-06,197,12.37855766906525,1,59.550180913182245,1
2020-07-07,196,10.201681098787319,0,59.52001850867038,0
2020-07-08,139,9.268170566548644,0,59.48890220340927,0
2020-07-09,196,13.766653778624494,0,59.456835115236,0
2020-07-10,197,9.17506084027892,0,59.423820457255616,0
2020-07-11,145,9.619428505755875,0,59.389861537519145,0
2020-07-12,101,14.903413133417772,0,59.354961758692134,0
2020-07-13,177,5.002375235758846,0,59.319124617713705,0
2020-07-14,88,6.854729095767224,1,59.282353705446155,0
2020-07-15,131,8.839638899197258,0,59.24465270631519,0
2020-07-16,153,14.325899094252529,0,59.2060253979407,0
2020-07-17,178,5.70029705747471,0,59.166475650758265,0
2020-07-18,60,5.094854336284981,0,59.12600742763135,0
2020-07-19,91,5.526838359772286,0,59.0846247834542,0
2020-07-20,148,5.885434106136182,1,59.04233186474558,0
2020-07-21,56,5.375967732062609,0,58.99913290923325,0
2020-07-22,193,9.797813268565047,0,58.95503224542941,0
2020-07-23,139,10.807572072273278,0,58.9100342921969,0
2020-07-24,161,7.716869710690041,0,58.86414355830651,0
2020-07-25,109,8.982873839756355,0,58.817364641985165,0
2020-07-26,162,5.916993351114302,0,58.7697022304552,0
2020-07-27,51,8.36370463828422,1,58.72116109946469,0
2020-07-28,178,10.225191916345231,0,58.67174611280892,0
2020-07-29,97,12.322718071846452,0,58.62146222184306,0
2020-07-30,189,5.033463620429792,0,58.570314464986026,0
2020-07-31,86,9.673107665376525,1,58.518307967215605,0
2020-08-01,58,7.970028764548822,0,58.465447939555006,0
2020-08-02,148,13.528218216919013,0,58.41173967855064,0
2020-08-03,196,12.15553315234242,0,58.35718856574146,0
2020-08-04,97,10.891085344708948,0,58.30180006711972,0
2020-08-05,180,7.772656456967736,0,58.24557973258327,0
2020-08-06,197,14.103391020575343,0,58.18853319537949,0
2020-08-07,103,5.451006772203232,0,58.13066617154082,0
2020-08-08,169,6.0946759867911515,0,58.07198445931199,0
2020-08-09,165,8.91630140540356,1,58.01249393856913,0
2020-08-10,124,6.244375572968563,0,57.95220057023049,0
2020-08-11,162,14.56415697559425,0,57.89111039565926,0
2020-08-12,153,12.979893221433834,0,57.82922953605816,0
2020-08-13,133,7.589826516018137,0,57.76656419185614,0
2020-08-14,161,10.885542289732454,0,57.703120642087086,0
2020-08-15,148,14.823305150800817,0,57.63890524376066,0
2020-08-16,142,13.841989781315029,0,57.57392443122534,0
2020-08-17,195,11.00798446442198,0,57.5081847155237,0
2020-08-18,177,14.037239671752705,0,57.44169268373998,0
2020-08-19,159,14.891849098133589,0,57.37445499834012,0
2020-08-20,131,12.433528228936241,0,57.30647839650414,0
2020-08-21,103,5.64986409482894,0,57.23776968945109,0
2020-08-22,117,9.015802364254874,0,57.168335761756566,0
2020-08-23,82,13.378257352832454,0,57.09818357066289,0
2020-08-24,191,7.30569195805019,0,57.027320145381985,0
2020-08-25,70,13.306425177506245,0,56.95575258639107,0
2020-08-26,97,6.203387620349959,0,56.88348806472118,0
2020-08-27,197,5.46945357147813,0,56.81053382123861,0
2020-08-28,177,8.840906114912496,0,56.73689716591946,0
2020-08-29,185,5.3673193742661365,0,56.662585477117084,0
2020-08-30,184,14.572702629833255,0,56.58760620082286,0
2020-08-31,194,13.26205695793966,0,56.511966849920064,0
2020-09-01,177,13.007696871298752,0,56.435675003431086,0
2020-09-02,82,11.297779229961531,1,56.35873830575804,0
2020-09-03,164,7.163240230365535,0,56.28116446591676,0
2020-09-04,168,10.18260366676392,0,56.20296125676441,0
2020-09-05,71,10.97274072430341,0,56.1241365142206,0
2020-09-06,87,10.250315008602682,0,56.044698136482275,0
2020-09-07,158,7.602333679515273,0,55.964654083232276,0
2020-09-08,100,10.152479243147258,0,55.8840123748418,0
2020-09-09,57,9.911863408686266,1,55.80278109156681,1
2020-09-10,76,14.963357758067243,0,55.7209683727383,0
2020-09-11,76,13.974361480462038,0,55.63858241594684,0
2020-09-12,70,9.6338074821562,0,55.555631476221116,0
2020-09-13,79,11.229373829351186,0,55.4721238652008,0
2020-09-14,146,12.478716040922286,0,55.388067950303736,0
2020-09-15,77,5.348651602338249,0,55.303472153887526,0
2020-09-16,160,13.9492144122784,1,55.21834495240559,0
2020-09-17,110,13.601268164179238,0,55.13269487555788,0
2020-09-18,97,9.574320977737074,0,55.04653050543615,0
2020-09-19,196,8.911697660803798,1,54.9598604756641,0
2020-09-20,53,7.72959374856315,1,54.87269347053221,0
2020-09-21,84,9.766768283303684,0,54.78503822412767,0
2020-09-22,98,5.443766635332368,0,54.69690351945914,0
2020-09-23,66,13.521935333470077,0,54.60829818757679,0
2020-09-24,95,5.354223684185451,1,54.519231106687336,0
2020-09-25,166,8.29051365369871,0,54.42971120126453,0
2020-09-26,55,14.315894883189898,0,54.33974744115489,0
2020-09-27,148,12.352126545234528,0,54.24934884067893,0
2020-09-28,173,7.813909605775268,0,54.158524457727935,0
2020-09-29,86,7.526490939608851,1,54.067283392856375,0
2020-09-30,73,5.050821398180259,1,53.97563478837002,0
2020-10-01,142,11.957142928497502,0,53.8835878274099,0
2020-10-02,95,5.487835816731731,0,53.79115173303212,0
2020-10-03,144,10.32602519400762,0,53.69833576728378,0
2020-10-04,148,14.621219725920497,0,53.605149230274876,0
2020-10-05,165,6.094688600544539,0,53.511601459246435,0
2020-10-06,116,13.944799309680674,1,53.41770182763495,0
2020-10-07,177,14.914753351450482,0,53.32345974413315,0
2020-10-08,67,5.6151702623923505,0,53.22888465174727,0
2020-10-09,74,13.829062691374613,1,53.13398602685084,1
2020-10-10,103,10.160790204436166,0,53.03877337823519,0
2020-10-11,107,14.0651371944458,0,52.94325624615665,0
2020-10-12,116,10.713189419195741,1,52.84744420138063,0
2020-10-13,153,11.621120101065646,0,52.75134684422264,0
2020-10-14,73,10.437789079973992,0,52.654973803586316,0
2020-10-15,163,13.644928803073485,1,52.55833473599867,0
2020-10-16,81,12.339099189537016,1,52.461439324642434,0
2020-10-17,135,10.212603121804149,0,52.36429727838588,0
2020-10-18,176,13.681608040515469,0,52.26691833080992,0
2020-10-19,179,7.452855322553345,0,52.16931223923291,0
2020-10-20,66,6.57340659702526,1,52.07148878373287,0
2020-10-21,153,6.6040010533007205,1,51.97345776616758,0
2020-10-22,186,8.340088787452379,0,51.875229009192424,0
2020-10-23,92,7.386900313010175,0,51.77681235527618,0
2020-10-24,88,14.300903505097386,0,51.67821766571479,0
2020-10-25,75,6.0583409382858395,0,51.57945481964328,0
2020-10-26,148,11.989907380395877,0,51.48053371304586,0
2020-10-27,99,6.892215397850059,0,51.38146425776436,0
2020-10-28,62,13.816371327703502,1,51.28225638050507,0
2020-10-29,109,14.613152881849075,0,51.18292002184409,0
2020-10-30,184,9.654700087699837,0,51.08346513523129,0
2020-10-31,106,13.790714802281316,0,50.983901685992976,0
2020-11-01,85,5.051451707547148,0,50.88423965033336,0
2020-11-02,69,13.199469174081,0,50.78448901433497,0
2020-11-03,114,7.286251615249235,0,50.68465977295805,0
2020-11-04,57,14.08701309269368,1,50.58476192903904,0
2020-11-05,193,5.011201114801095,1,50.48480549228833,0
2020-11-06,191,10.56181735039757,0,50.38480047828728,0
2020-11-07,164,12.566358037849348,0,50.28475690748467,0
2020-11-08,192,7.58688330697908,0,50.18468480419263,0
2020-11-09,141,6.931328645872931,0,50.084594195582255,0
2020-11-10,147,5.8409822446798465,0,49.98449511067884,0
2020-11-11,115,8.264335765032929,0,49.88439757935703,0
2020-11-12,81,10.598443123088295,0,49.78431163133577,0
2020-11-13,135,6.158438567802577,0,49.684247295173385,0
2020-11-14,100,8.766953619867987,0,49.584214597262694,0
2020-11-15,112,5.090724046527249,1,49.48422356082638,0
2020-11-16,174,13.186794204998417,0,49.384284204912674,0
2020-11-17,199,6.284487180931913,0,49.28440654339144,0
2020-11-18,107,7.833429482655816,0,49.18460058395082,0
2020-11-19,107,5.1842771873821745,1,49.0848763270944,0
2020-11-20,135,9.322407838925123,0,48.98524376513926,0
2020-11-21,98,13.401215027412189,0,48.88571288121466,0
2020-11-22,119,8.921512114451966,0,48.786293648261804,0
2020-11-23,64,6.794973234238334,0,48.68699602803452,0
2020-11-24,103,12.536988340505193,0,48.5878299701011,0
2020-11-25,150,12.888069818707443,0,48.48880541084736,0
2020-11-26,57,6.737534753075668,1,48.38993227248105,0
2020-11-27,102,12.708541085409898,0,48.2912204620376,0
2020-11-28,109,14.47297888256338,1,48.19267987038749,0
2020-11-29,157,6.663775869322723,0,48.094320371245146,0
2020-11-30,54,12.709842925321356,1,47.99615182017964,0
2020-12-01,152,12.085720046026294,0,47.89818405362715,0
2020-12-02,55,9.735738884350885,1,47.80042688790534,0
2020-12-03,158,5.579204605587983,0,47.702890118229796,0
2020-12-04,165,5.74694417757854,0,47.605583517732526,0
2020-12-05,143,13.524146591986476,0,47.50851683648272,0
2020-12-06,96,14.90148372750647,0,47.411699800509794,0
2020-12-07,148,11.760522571867543,0,47.315142110828816,0
2020-12-08,104,9.459583070103214,0,47.21885344246853,0
2020-12-09,101,11.475736434019076,0,47.12284344350185,0
2020-12-10,193,10.943958592285453,0,47.027121734079195,0
2020-12-11,62,8.836122604056218,1,46.93169790546451,0
2020-12-12,163,5.65626144574013,0,46.83658151907426,0
2020-12-13,173,13.21512947407441,0,46.74178210551935,0
2020-12-14,155,8.718335292387245,0,46.64730916365017,0
2020-12-15,196,13.187856433570937,0,46.55317215960484,0
2020-12-16,194,7.525087496883822,1,46.45938052586069,0
2020-12-17,169,5.010294798456334,0,46.365943660289105,0
2020-12-18,112,6.589382832767566,0,46.272870925213915,0
2020-12-19,68,9.685394167685843,1,46.18017164647327,0
2020-12-20,141,14.443036349578298,1,46.08785511248519,0
2020-12-21,107,6.02193619693719,0,45.995930573316855,0
2020-12-22,139,13.54209774461566,1,45.9044072397578,0
2020-12-23,166,10.27024096211862,1,45.81329428239698,0
2020-12-24,111,13.259207657998966,0,45.722600830703854,0
2020-12-25,72,7.983744309899926,0,45.63233597211364,0
2020-12-26,176,13.399471646724718,0,45.54250875111676,0
2020-12-27,186,12.728227800168046,0,45.453128168352606,0
2020-12-28,189,7.300536830314339,0,45.364203179707616,0
2020-12-29,178,6.313351264093781,0,45.27574269541797,0
2020-12-30,107,13.680543225322928,0,45.18775557917676,0
2020-12-31,171,14.632366534401319,0,45.10025064724584,0
2021-01-01,50,5.313023137475162,0,45.01323666757248,0
2021-01-02,83,12.312700669736856,0,44.92672235891076,0
2021-01-03,145,14.095245109478183,0,44.84071638994803,0
2021-01-04,175,13.573600920924987,0,44.75522737843624,0
2021-01-05,167,14.645204722702086,0,44.67026389032851,0
2021-01-06,97,12.600940784380972,1,44.585834438920784,0
2021-01-07,138,9.422987623809103,0,44.50194748399881,0
2021-01-08,166,8.119519904951304,0,44.418611430990495,0
2021-01-09,178,8.207427404381274,0,44.33583463012366,0
2021-01-10,65,12.24422672614117,0,44.253625375589344,0
2021-01-11,118,12.458370120309644,0,44.17199190471078,0
2021-01-12,71,7.0035914354871265,1,44.09094239711796,0
2021-01-13,142,13.68122813490531,1,44.0104849739281,0
2021-01-14,125,12.149240402022476,0,43.930627696931836,0
2021-01-15,193,10.627502863433826,0,43.85137856778552,0
2021-01-16,135,9.715324601025127,1,43.772745527209366,0
2021-01-17,78,10.432328057899582,0,43.69473645419189,0
2021-01-18,118,6.592457382792645,0,43.61735916520037,1
2021-01-19,96,7.0370124927627415,1,43.540621413397666,0
2021-01-20,143,5.911644904061917,0,43.46453088786536,0
2021-01-21,193,6.5365803816111265,0,43.3890952128333,0
2021-01-22,134,9.536936346052826,0,43.31432194691567,0
2021-01-23,88,10.303543937282562,0,43.24021858235363,0
2021-01-24,149,5.178618924783194,0,43.166792544264545,0
2021-01-25,82,12.967978278640276,0,43.094051189898074,0
2021-01-26,150,7.941679733434778,0,43.02200180789891,0
2021-01-27,72,14.118360349599111,0,42.9506516175765,0
2021-01-28,59,14.675112636137777,0,42.88000776818163,0
2021-01-29,118,6.854588746766543,0,42.81007733819014,0
2021-01-30,149,9.620972907656606,0,42.74086733459362,0
2021-01-31,83,5.012318351664259,0,42.6723846921973,0
2021-02-01,187,10.983272651224269,1,42.60463627292523,0
2021-02-02,196,11.073064482626712,0,42.53762886513268,0
2021-02-03,145,7.475399556033752,1,42.471369182926,0
2021-02-04,50,10.584126725831979,0,42.405863865489785,1
2021-02-05,118,7.255401424437355,0,42.34111947642173,0
2021-02-06,53,6.608254690781901,0,42.2771425030749,0
2021-02-07,65,11.515194668022648,1,42.21393935590771,0
2021-02-08,73,8.259254639520748,0,42.15151636784162,0
2021-02-09,129,10.902639388856224,0,42.08987979362655,0
2021-02-10,51,9.332467489716556,0,42.029035809214186,1
2021-02-11,177,14.84351407402904,0,41.96899051113913,0
2021-02-12,133,6.495806426675657,0,41.90974991590806,0
2021-02-13,189,9.6459859663581,1,41.85131995939684,0
2021-02-14,173,11.804566263593252,0,41.79370649625579,0
2021-02-15,82,8.955450838799687,0,41.736915299323,0
2021-02-16,150,14.7469985187069,0,41.680952059045964,0
2021-02-17,61,12.21887627926935,0,41.625822382911345,0
2021-02-18,116,11.56983857564493,0,41.57153179488312,0
2021-02-19,114,12.570592676112234,0,41.5180857348491,0
2021-02-20,123,14.52648638038717,0,41.46548955807584,0
2021-02-21,92,14.078186529846402,1,41.41374853467204,0
2021-02-22,93,12.24285308126412,0,41.3628678490605,0
2021-02-23,78,12.49161639101283,0,41.31285259945864,0
2021-02-24,190,6.459220740351455,0,41.263707797367644,0
2021-02-25,61,6.027924044926657,1,41.21543836707032,0
2021-02-26,144,10.709045018441643,0,41.1680491451377,0
2021-02-27,95,5.1836763694054,0,41.12154487994442,0
2021-02-28,179,9.823563815515914,1,41.0759302311929,0
2021-03-01,84,7.103495799188686,0,41.03120976944649,0
2021-03-02,130,8.460165676448396,0,40.987387975671474,0
2021-03-03,139,12.758047357929561,0,40.94446924078809,0
2021-03-04,57,14.412375042323864,1,40.902457865230545,0
2021-03-05,142,5.724162721463415,0,40.86135805851615,0
2021-03-06,139,10.342422059764452,0,40.821173938823506,0
2021-03-07,164,13.825334858196,0,40.78190953257984,0
2021-03-08,154,5.825085344404213,0,40.74356877405761,0
2021-03-09,184,13.245140468968339,0,40.70615550498026,0
2021-03-10,107,8.578013509282714,0,40.66967347413728,0
2021-03-11,163,8.220947022193354,0,40.6341263370086,0
2021-03-12,124,14.774663863147858,0,40.5995176553983,0
2021-03-13,169,7.008590898622941,0,40.56585089707772,0
2021-03-14,70,11.93193940822681,0,40.533129435437985,0
2021-03-15,187,13.214407280098664,1,40.501356549152,0
2021-03-16,150,5.4118349527927165,0,40.47053542184594,0
2021-03-17,148,11.703854583544121,1,40.440669141780226,1
2021-03-18,85,14.515499743553269,1,40.4117607015401,0
2021-03-19,145,6.242199667280594,0,40.383812997735795,0
2021-03-20,86,13.962213026850383,0,40.35682883071222,1
2021-03-21,61,10.947766373769362,0,40.330810904268446,0
2021-03-22,162,11.16604581862474,0,40.30576182538675,0
2021-03-23,62,11.12944174865606,0,40.2816841039714,0
2021-03-24,72,7.988358863373138,0,40.25858015259718,0
2021-03-25,148,14.352018152994596,0,40.23645228626763,0
2021-03-26,154,14.473504626310387,1,40.21530272218307,0
2021-03-27,79,11.253046602139477,0,40.1951335795185,0
2021-03-28,66,12.834227259416146,1,40.17594687921118,0
2021-03-29,162,11.12257985881158,0,40.157744543758206,0
2021-03-30,111,9.843984475740406,1,40.14052839702383,0
2021-03-31,133,11.608201182992506,0,40.124300164056706,0
2021-04-01,161,10.530014525919585,0,40.109061470917084,0
2021-04-02,135,10.9747586263193,0,40.09481384451385,0
2021-04-03,190,12.83832553418862,0,40.08155871245153,0
2021-04-04,68,9.809038314489849,0,40.06929740288724,0
2021-04-05,149,5.407541060924728,1,40.05803114439762,0
2021-04-06,189,6.639994809894972,0,40.04776106585574,0
2021-04-07,196,9.386072164895385,0,40.03848819631796,0
2021-04-08,125,12.248265598740584,0,40.03021346492082,0
2021-04-09,58,10.932786483101786,1,40.022937700787985,0
2021-04-10,77,11.50294185873454,0,40.01666163294712,0
2021-04-11,177,9.792789285762872,0,40.01138589025685,0
2021-04-12,101,11.157420219422427,0,40.00711100134376,0
2021-04-13,132,8.290174378146622,0,40.003837394549436,0
2021-04-14,160,9.70182592696665,0,40.00156539788752,0
2021-04-15,193,12.442790655949556,1,40.00029523901085,0
2021-04-16,166,13.718327789731212,0,40.00002704518868,0
2021-04-17,118,9.336553339563888,1,40.000760843293875,0
2021-04-18,148,5.436616577073612,0,40.002496559800264,0
2021-04-19,189,6.616725441468026,0,40.005234020789985,0
2021-04-20,74,5.208611392915381,1,40.00897295197091,0
2021-04-21,172,11.5326301923733,0,40.01371297870415,0
2021-04-22,102,8.323146253551089,1,40.019453626041546,0
2021-04-23,193,10.424786357193675,0,40.026194318773335,0
2021-04-24,106,9.932768467837995,0,40.03393438148572,0
2021-04-25,88,5.815264895524267,1,40.04267303862855,0
2021-04-26,158,9.032613611238318,0,40.052409414593086,0
2021-04-27,91,7.2056112492232325,0,40.06314253379966,0
2021-04-28,191,9.183997886676528,0,40.074871320795495,0
2021-04-29,171,7.035782803422427,0,40.08759460036242,0
2021-04-30,182,13.404524062769335,1,40.10131109763465,0
2021-05-01,124,6.741933365782536,0,40.1160194382265,0
2021-05-02,195,14.607805514869769,0,40.131718148370155,0
2021-05-03,125,9.159073661469408,0,40.14840565506325,0
2021-05-04,58,13.462452920190493,0,40.16608028622658,0
2021-05-05,123,11.287648182059451,0,40.18474027087158,0
2021-05-06,194,12.353502986657526,0,40.20438373927779,0
2021-05-07,56,12.677238880667803,1,40.22500872318021,0
2021-05-08,190,10.048448818930177,0,40.24661315596652,0
2021-05-09,186,10.433005233632883,0,40.269194872884135,0
2021-05-10,76,10.13995867808725,0,40.29275161125713,0
2021-05-11,171,10.880583780900793,0,40.31728101071296,0
2021-05-12,54,5.293944457565073,0,40.34278061341894,0
2021-05-13,78,8.955151698490152,0,40.36924786432857,0
2021-05-14,132,11.061887135611716,0,40.39668011143749,0
2021-05-15,185,10.977235652558644,0,40.42507460604925,0
2021-05-16,158,12.929560946056316,0,40.454428503050735,0
2021-05-17,114,11.550093388321086,1,40.48473886119719,0
2021-05-18,135,14.921333163406723,1,40.51600264340698,0
2021-05-19,194,7.83854528608645,1,40.5482167170659,1
2021-05-20,120,8.591510296662314,0,40.581377854341056,0
2021-05-21,94,8.838471518677963,0,40.61548273250426,0
2021-05-22,181,9.658128070202485,0,40.650527934265014,0
2021-05-23,85,13.359980637812095,0,40.686509948112906,0
2021-05-24,119,7.357920939592098,0,40.72342516866943,0
2021-05-25,68,12.760002070354295,1,40.76126989704929,0
2021-05-26,157,9.053101830857434,1,40.800040341230996,0
2021-05-27,140,11.018553836620086,0,40.83973261643683,0
2021-05-28,139,11.325405332263061,0,40.8803427455221,0
2021-05-29,68,8.728486371889344,1,40.92186665937366,0
2021-05-30,88,10.126152052058051,0,40.96430019731761,0
2021-05-31,175,9.13031174647697,0,41.00763910753619,0
2021-06-01,190,5.691327861866195,1,41.051879047493856,0
2021-06-02,175,9.371653888168265,0,41.09701558437233,0
2021-06-03,107,5.973933925535522,0,41.14304419551483,0
2021-06-04,197,9.050207990803216,0,41.189960268879204,0
2021-06-05,110,10.929183998317818,1,41.23775910350007,1
2021-06-06,176,10.794148993435009,0,41.28643590995982,0
2021-06-07,154,11.626212790083203,0,41.33598581086855,0
2021-06-08,50,5.952615079546263,0,41.38640384135277,0
2021-06-09,180,11.521232455304379,0,41.43768494955285,0
2021-06-10,141,8.121480566964472,0,41.489823997129264,0
2021-06-11,162,8.99045946137111,0,41.5428157597774,0
2021-06-12,105,13.579862539227058,0,41.596654927751054,0
2021-06-13,166,5.090304041295503,1,41.651336106394474,0
2021-06-14,183,10.884126333406055,0,41.70685381668288,0
2021-06-15,107,10.987139801001076,0,41.76320249577147,0
2021-06-16,93,8.966597763435619,0,41.82037649755283,0
2021-06-17,110,7.370278571083362,0,41.87837009322263,0
2021-06-18,96,7.346740382615511,0,41.93717747185369,0
2021-06-19,198,13.837096696607526,0,41.99679274097821,0
2021-06-20,129,9.420243737828574,0,42.05720992717818,0
2021-06-21,167,8.30889362989172,0,42.11842297668396,0
2021-06-22,196,9.487775738314031,0,42.18042575598081,0
2021-06-23,69,11.693904014593613,0,42.24321205242349,0
2021-06-24,195,6.457565682447517,1,42.306775574858776,0
2021-06-25,96,9.494338352137376,0,42.3711099542558,0
2021-06-26,98,10.878843711103869,0,42.43620874434425,0
2021-06-27,63,14.485833548514337,0,42.502065422260266,0
2021-06-28,192,7.525277820754193,0,42.56867338920004,0
2021-06-29,50,8.592507479162457,0,42.63602597108102,1
2021-06-30,166,8.793585899224237,0,42.70411641921059,0
2021-07-01,103,11.055381576448829,0,42.77293791096239,0
2021-07-02,167,8.567320530400018,0,42.84248355045984,0
2021-07-03,52,10.335119252996956,1,42.912746369267154,0
2021-07-04,193,12.817903298450293,0,42.983719327087584,0
2021-07-05,61,12.053855941122036,1,43.0553953124688,0
2021-07-06,123,9.463686465125855,0,43.12776714351551,0
2021-07-07,65,13.64216177674169,0,43.20082756860906,0
2021-07-08,151,10.58140249593863,0,43.274569267134034,0
2021-07-09,166,10.399058395022125,0,43.34898485021178,0
2021-07-10,57,5.3418776593915815,1,43.42406686144078,1
2021-07-11,171,14.866929803571615,0,43.49980777764378,0
2021-07-12,141,6.229708085296267,1,43.57620000962159,0
2021-07-13,139,7.311309124276466,0,43.65323590291353,0
2021-07-14,185,5.51696837241527,0,43.73090773856441,0
2021-07-15,109,11.400029668369136,0,43.80920773389795,0
2021-07-16,77,7.2470117697268,0,43.88812804329661,0
2021-07-17,150,6.800104374727235,1,43.967660758987705,0
2021-07-18,90,5.885555842232414,0,44.04779791183577,0
2021-07-19,194,6.033089571240157,0,44.128531472141084,0
2021-07-20,190,10.846707004425888,0,44.20985335044418,0
2021-07-21,95,11.882078658665954,0,44.29175539833647,0
2021-07-22,84,8.97378988464401,0,44.37422940927667,0
2021-07-23,183,9.798970815920732,0,44.45726711941313,0
2021-07-24,131,11.859677359829842,1,44.54086020841181,0
2021-07-25,164,5.173797901854797,0,44.625000300290026,0
2021-07-26,96,8.231306570702785,0,44.70967896425569,0
2021-07-27,59,14.730977480703464,0,44.79488771555208,0
2021-07-28,105,10.80112229695468,0,44.88061801630803,0
2021-07-29,79,7.542245798974933,1,44.96686127639336,0
2021-07-30,158,10.217300466362131,0,45.05360885427966,0
2021-07-31,54,8.426534881209154,0,45.14085205790616,0
2021-08-01,168,10.322449888262991,0,45.22858214555063,0
2021-08-02,82,6.257415118066488,0,45.31679032670534,0
2021-08-03,167,6.327146538192774,0,45.40546776295784,0
2021-08-04,114,6.435423620393928,1,45.49460556887658,0
2021-08-05,195,14.398197919268418,0,45.584194812901195,0
2021-08-06,60,12.328989183413418,1,45.67422651823749,0
2021-08-07,134,6.623818946623209,0,45.764691663756864,0
2021-08-08,75,6.883490837656014,0,45.85558118490026,0
2021-08-09,112,12.308294748708764,0,45.94688597458639,0
2021-08-10,135,6.561638447921739,0,46.038596884124296,0
2021-08-11,108,7.345612933348287,1,46.13070472413003,0
2021-08-12,76,14.63346832820399,0,46.2232002654474,0
2021-08-13,147,7.5530652472843185,1,46.31607424007279,0
2021-08-14,154,11.616323503711467,0,46.40931734208374,0
2021-08-15,148,14.786312874005304,0,46.502920228571426,0
2021-08-16,178,8.742967671397928,0,46.59687352057683,0
2021-08-17,198,5.175159908620622,0,46.69116780403047,0
2021-08-18,104,7.441472904223742,0,46.785793630695714,0
2021-08-19,55,13.308771913417054,1,46.880741519115475,0
2021-08-20,144,13.646088359550367,0,46.976001955562246,0
2021-08-21,182,12.685193645237913,0,47.07156539499139,0
2021-08-22,151,6.13109819076573,0,47.167422261997515,0
2021-08-23,52,12.955103716964032,1,47.263562951773956,0
2021-08-24,72,14.186777969935044,0,47.359977831075156,0
2021-08-25,102,11.00609542546236,1,47.456657239181915,0
2021-08-26,132,14.408753563380648,0,47.55359148886939,1
2021-08-27,194,13.268388837118774,0,47.65077086737773,0
2021-08-28,134,11.669715169909072,0,47.74818563738534,0
2021-08-29,127,10.771852367117482,0,47.8458260379845,0
2021-08-30,159,8.485736672419705,0,47.94368228565943,0
2021-08-31,50,6.592874452428052,0,48.04174457526659,0
2021-09-01,100,11.04953922690541,0,48.140003081017156,0
2021-09-02,53,8.181115536181196,0,48.23844795746154,0
2021-09-03,162,13.664386675276454,0,48.33706934047591,0
2021-09-04,81,14.933369373586284,1,48.435857348250586,0
2021-09-05,83,12.524277626155726,0,48.53480208228016,0
2021-09-06,141,5.904816952870507,1,48.633893628355345,0
2021-09-07,144,7.886855955306381,0,48.733122057556365,0
2021-09-08,121,6.091096317657497,0,48.83247742724783,0
2021-09-09,88,11.505116477917158,0,48.93194978207497,0
2021-09-10,167,12.651908645557846,0,49.031529154961184,0
2021-09-11,52,14.256748308807119,0,49.13120556810671,0
2021-09-12,172,9.381723464119876,0,49.2309690339884,0
2021-09-13,99,14.013756495884444,0,49.33080955636047,0
2021-09-14,61,13.778911590413275,0,49.43071713125613,0
2021-09-15,103,8.171957167653986,0,49.53068174798995,1
2021-09-16,182,13.68900625540571,0,49.630693390160936,0
2021-09-17,106,8.756722518817265,0,49.73074203665618,0
2021-09-18,194,7.968692745602808,0,49.83081766265495,0
2021-09-19,161,11.490746587943931,1,49.9309102406332,0
2021-09-20,96,8.28381227885081,1,50.03100974136829,0
2021-09-21,134,11.30208748329144,0,50.13110613494392,0
2021-09-22,191,11.098318054986946,0,50.23118939175514,0
2021-09-23,115,10.634389273484588,0,50.33124948351328,0
2021-09-24,124,8.804197042327978,0,50.43127638425082,0
2021-09-25,152,10.484997216514767,0,50.53126007132594,0
2021-09-26,87,10.964854749854215,0,50.631190526426806,0
2021-09-27,99,10.456868884954734,0,50.731057736575416,0
2021-09-28,147,9.444194527512016,0,50.83085169513087,0
2021-09-29,131,5.146670570462638,0,50.93056240279203,0
2021-09-30,79,10.87061707701151,0,51.03017986859947,0
2021-10-01,128,6.684443851427196,1,51.129694110936526,0
2021-10-02,140,11.425759689471896,0,51.22909515852949,0
2021-10-03,101,12.59344327922866,0,51.32837305144671,1
2021-10-04,128,10.004453091307415,1,51.427517842096535,0
2021-10-05,79,10.423636649797384,0,51.52651959622412,0
2021-10-06,155,14.514785596659912,0,51.62536839390679,0
2021-10-07,100,13.471673613725741,0,51.72405433054803,0
2021-10-08,130,14.1423651595147,0,51.82256751786991,0
2021-10-09,182,13.137662883195864,1,51.92089808490389,0
2021-10-10,78,6.089183418467314,0,52.01903617897989,0
2021-10-11,181,6.489918559701947,1,52.11697196671351,0
2021-10-12,187,10.266237972689595,0,52.21469563499133,0
2021-10-13,194,7.4606965879799825,0,52.31219739195421,0
2021-10-14,123,9.766954750411593,0,52.409467467978374,0
2021-10-15,66,8.943653238183503,0,52.50649611665438,0
2021-10-16,133,10.494142384304533,0,52.60327361576366,0
2021-10-17,118,12.468757161358226,0,52.699790268252706,0
2021-10-18,83,12.154909070992744,0,52.796036403204695,0
2021-10-19,55,10.212341324853345,0,52.89200237680851,0
2021-10-20,102,13.223934188170581,1,52.98767857332508,0
2021-10-21,175,9.308620915380335,0,53.083055406050796,0
2021-10-22,92,13.967142898401224,0,53.17812331827819,0
2021-10-23,164,5.712802700551639,0,53.27287278425343,0
2021-10-24,160,14.546600300333075,1,53.36729431013083,0
2021-10-25,129,11.546930814313482,0,53.46137843492415,0
2021-10-26,144,8.800745089372054,1,53.55511573145452,0
2021-10-27,167,6.971541265728773,0,53.64849680729512,0
2021-10-28,193,9.791832294435999,0,53.7415123057122,0
2021-10-29,57,6.94558323185301,0,53.83415290660272,0
2021-10-30,181,6.663316077431421,1,53.926409327428146,0
2021-10-31,153,11.173517574129743,0,54.01827232414459,0
2021-11-01,181,10.230847245817847,0,54.109732692129036,0
2021-11-02,74,11.700960346109417,0,54.20078126710166,1
2021-11-03,145,14.296058774219892,0,54.29140892604409,0
2021-11-04,142,10.3226021333904,1,54.381606588113485,0
2021-11-05,110,10.809320532627977,0,54.47136521555249,0
2021-11-06,171,5.896263391549422,1,54.56067581459476,0
2021-11-07,100,12.176357859086295,0,54.649529436366166,0
2021-11-08,196,8.999052068041562,0,54.73791717778146,0
2021-11-09,70,14.767252386625788,0,54.825830182436356,0
2021-11-10,54,13.231740155956603,0,54.91325964149492,0
2021-11-11,141,10.224810405161183,0,55.000196794572254,0
2021-11-12,110,6.23222654172166,0,55.08663293061223,0
2021-11-13,71,13.594157932805892,0,55.172559388760384,0
2021-11-14,198,12.997810954240217,1,55.25796755923168,0
2021-11-15,119,6.84585129537033,1,55.342848884173236,1
2021-11-16,50,7.952782892203101,1,55.42719485852182,0
2021-11-17,182,12.934072581478373,1,55.51099703085603,0
2021-11-18,61,6.852284465474097,0,55.594247004243144,0
2021-11-19,139,14.177524891713773,0,55.676936437080464,0
2021-11-20,95,9.245274251963618,0,55.75905704393117,1
2021-11-21,83,5.870389625876586,0,55.8406005963545,0
2021-11-22,127,13.15748643504281,0,55.92155892373022,0
2021-11-23,94,8.735096830383876,0,56.001923914077345,0
2021-11-24,122,10.26499194153781,0,56.08168751486694,0
2021-11-25,75,6.1230434441121915,0,56.16084173382899,0
2021-11-26,96,5.025840148449824,0,56.239378639753184,0
2021-11-27,170,11.379852057932975,0,56.31729036328369,0
2021-11-28,105,10.151751703337316,0,56.39456909770757,0
2021-11-29,143,10.935385691231472,0,56.471207099737086,0
2021-11-30,156,12.937438503805163,0,56.54719669028554,0
2021-12-01,112,11.466059134228601,0,56.6225302552367,0
2021-12-02,97,6.7477344282737715,1,56.69720024620776,0
2021-12-03,110,8.607725191105999,0,56.77119918130567,0
2021-12-04,130,14.058911047877604,0,56.844519645876815,0
2021-12-05,75,12.69944700251679,1,56.917154293249965,1
2021-12-06,85,10.566370579367172,0,56.989095845472406,0
2021-12-07,50,7.556449978092723,0,57.06033709403919,0
2021-12-08,57,8.02060501834795,0,57.130870900615406,0
2021-12-09,162,12.319580675856345,0,57.20069019775146,0
2021-12-10,148,13.511742608527708,0,57.26978798959124,0
2021-12-11,96,11.714246695306144,0,57.338157352573035,0
2021-12-12,176,13.095299757684417,1,57.40579143612335,0
2021-12-13,105,12.66656135200406,0,57.47268346334328,1
2021-12-14,63,6.4970396795695775,0,57.53882673168757,0
2021-12-15,77,9.23944812913302,0,57.60421461363621,0
2021-12-16,127,6.529838008285626,0,57.668840557358486,0
2021-12-17,179,7.352355848019848,0,57.7326980873695,0
2021-12-18,158,13.692596246510526,0,57.79578080517898,0
2021-12-19,63,9.728919656331822,1,57.85808238993245,0
2021-12-20,105,10.35358101842661,0,57.9195965990445,0
2021-12-21,164,6.784459652277722,0,57.98031726882439,0
2021-12-22,56,8.12271786048796,0,58.04023831509357,0
2021-12-23,52,7.3024616842787,0,58.09935373379532,0
2021-12-24,160,7.061861645184264,0,58.1576576015964,0
2021-12-25,156,11.3796079331597,0,58.21514407648052,0
2021-12-26,67,7.568838476457148,0,58.27180739833373,0
2021-12-27,87,11.320154860204184,0,58.32764188952156,0
2021-12-28,164,5.584546141085539,1,58.38264195545794,0
2021-12-29,64,6.417743935271019,0,58.43680208516575,0
2021-12-30,168,7.745402540001254,1,58.49011685182906,0
2021-12-31,77,10.970469168956917,0,58.54258091333681,0
2022-01-01,88,11.75841245087376,0,58.5941890128182,0
2022-01-02,66,9.42716966779527,0,58.64493597916932,0
2022-01-03,135,9.45790914577229,0,58.694816727571364,0
2022-01-04,175,12.245168513986181,0,58.74382626000009,0
2022-01-05,93,5.158210917655825,0,58.79195966572663,0
2022-01-06,74,8.410900244742205,0,58.839212121809545,0
2022-01-07,194,13.187070571192328,0,58.88557889357807,0
2022-01-08,62,11.032194102133722,0,58.93105533510655,0
2022-01-09,74,8.372271327554204,1,58.97563688967992,0
2022-01-10,117,14.055247923296738,0,59.01931909025033,0
2022-01-11,187,12.726227274493827,0,59.06209755988469,1
2022-01-12,116,7.648954472367334,0,59.10396801220331,0
2022-01-13,158,11.452898375257169,1,59.1449262518093,0
2022-01-14,195,10.957507281889567,1,59.18496817470903,0
2022-01-15,160,9.011879140389826,0,59.22408976872329,0
2022-01-16,160,8.669560792048006,0,59.26228711388934,0
2022-01-17,83,8.43560474775704,0,59.29955638285368,0
2022-01-18,160,11.171557833956468,0,59.335893841255555,0
2022-01-19,57,9.424099364806695,0,59.371295848101106,0
2022-01-20,162,13.31863113251422,0,59.40575885612824,0
2022-01-21,132,11.696026161339619,0,59.43927941216203,0
2022-01-22,91,5.699316057094341,0,59.47185415746074,0
2022-01-23,150,11.40168223828166,1,59.50347982805236,0
2022-01-24,55,7.711474365001848,0,59.53415325506166,0
2022-01-25,75,10.928119916534227,0,59.563871365027694,0
2022-01-26,113,11.801319311034515,0,59.5926311802118,0
2022-01-27,108,7.3082918915401205,1,59.620429818895886,0
2022-01-28,158,9.568586448803686,0,59.647264495671294,0
2022-01-29,170,6.903248628190678,1,59.67313252171779,0
2022-01-30,82,5.523388757865083,1,59.69803130507304,0
2022-01-31,199,8.784764234858692,0,59.721958350892294,0
2022-02-01,70,8.62944271845992,0,59.744911261698405,0
2022-02-02,119,14.95480490704257,1,59.766887737622014,0
2022-02-03,161,9.463523511976422,0,59.78788557663202,1
2022-02-04,53,8.335695494722003,1,59.80790267475621,0
2022-02-05,143,10.804750067166747,1,59.82693702629209,0
2022-02-06,124,5.887673941077685,0,59.844986724007846,0
2022-02-07,111,14.616657359548132,0,59.86204995933345,0
2022-02-08,143,11.34960045591033,1,59.87812502254185,0
2022-02-09,144,12.548378199408479,0,59.893210302920366,0
2022-02-10,104,6.704779381739176,0,59.907304288931975,0
2022-02-11,186,9.09477853005204,0,59.920405568366846,0
2022-02-12,180,9.226891133961896,0,59.93251282848379,0
2022-02-13,80,13.218064439010869,1,59.94362485614185,0
2022-02-14,89,5.012366797594094,1,59.9537405379218,0
2022-02-15,85,8.008531083532551,0,59.96285886023777,0
2022-02-16,55,14.812363743443038,0,59.97097890943875,0
2022-02-17,115,9.748865435062186,0,59.97809987190015,0
2022-02-18,124,8.825262802440083,1,59.98422103410536,0
2022-02-19,53,6.198290020176463,0,59.989341782717204,0
2022-02-20,128,14.741646286280156,0,59.99346160463942,0
2022-02-21,183,5.200263559258245,0,59.99658008706807,0
2022-02-22,167,12.371802250072431,0,59.998696917532875,0
2022-02-23,162,12.685998047885084,1,59.99981188392856,0
2022-02-24,143,7.436567160638666,0,59.99992487453609,0
2022-02-25,111,11.715584436130372,0,59.99903587803388,0
2022-02-26,128,5.9292914437938995,0,59.997144983498885,0
2022-02-27,185,7.570472664320799,1,59.994252380397725,0
2022-02-28,75,12.87901988292265,0,59.99035835856768,0
2022-03-01,93,13.646861920335402,0,59.98546330818766,0
2022-03-02,182,11.084864126597914,0,59.97956771973908,0
2022-03-03,119,10.068384318204826,1,59.972672183956746,0
2022-03-04,167,6.593040206189803,0,59.96477739176964,0
2022-03-05,117,5.631090330791501,0,59.9558841342317,0
2022-03-06,68,6.1764902847355865,0,59.945993302442574,0
2022-03-07,69,7.273573000960988,0,59.9351058874583,0
2022-03-08,162,8.416745018969209,0,59.92322298019202,0
2022-03-09,189,8.809095255109872,1,59.91034577130466,0
2022-03-10,96,8.463217685890037,0,59.896475551085665,0
2022-03-11,50,7.390553321972656,0,59.881613709323645,0
2022-03-12,139,10.097242467516981,0,59.86576173516718,0
2022-03-13,191,13.252861082328968,0,59.84892121697558,0
2022-03-14,113,7.797035384714793,0,59.831093842159746,0
2022-03-15,87,14.423870191022331,1,59.81228139701306,0
2022-03-16,86,13.733366617238477,0,59.79248576653244,0
2022-03-17,175,6.6176421135210965,0,59.77170893422945,0
2022-03-18,188,12.862759567570945,0,59.749952981931536,0
2022-03-19,149,10.745873823177666,0,59.72722008957346,0
2022-03-20,126,10.665753621714185,0,59.70351253497884,0
2022-03-21,52,8.910427630581744,0,59.67883269363193,0
2022-03-22,183,10.011529991820098,1,59.653183038439614,1
2022-03-23,59,8.97178777429211,0,59.62656613948357,0
2022-03-24,54,10.397326187599429,0,59.598984663762806,0
2022-03-25,187,11.27950052772636,1,59.57044137492639,0
2022-03-26,179,11.743038064090484,0,59.54093913299657,0
2022-03-27,62,10.324811925594261,0,59.51048089408216,0
2022-03-28,179,12.214220673287317,0,59.47906971008236,0
2022-03-29,133,6.412780492755058,0,59.44670872838097,0
2022-03-30,114,7.119824909022386,0,59.413401191531,0
2022-03-31,112,13.187350040742702,0,59.37915043692978,0
2022-04-01,150,8.225279778464152,0,59.34395989648455,0
2022-04-02,122,5.228938249761202,1,59.307833096268595,0
2022-04-03,66,6.5379114966803105,0,59.27077365616792,0
2022-04-04,58,7.236144344963113,0,59.23278528951855,0
2022-04-05,192,14.573228878945873,0,59.193871802734456,0
2022-04-06,87,10.730414289308493,0,59.15403709492614,0
2022-04-07,143,14.327307404762548,0,59.113285157509964,0
2022-04-08,144,10.75163350496625,1,59.071620073808205,0
2022-04-09,98,9.793544401378519,1,59.029046018639896,0
2022-04-10,118,8.13727691194096,0,58.985567257902545,0
2022-04-11,111,11.063709444333757,1,58.94118814814466,0
2022-04-12,127,6.391980246175298,0,58.89591313612924,0
2022-04-13,166,13.98261627292706,0,58.8497467583882,0
2022-04-14,169,13.293324051412837,0,58.80269364076784,0
2022-04-15,186,8.17531447876737,1,58.75475849796531,0
2022-04-16,125,14.527975276012944,0,58.705946133056216,0
2022-04-17,84,13.252007674155681,0,58.65626143701334,0
2022-04-18,50,11.663068858350396,1,58.60570938821659,0
2022-04-19,89,6.217619111252748,0,58.554295051954135,0
2022-04-20,113,9.782340230480724,0,58.5020235799149,0
2022-04-21,199,10.061075548467509,0,58.448900209672345,0
2022-04-22,109,7.325513583653801,0,58.3949302641597,0
2022-04-23,113,5.79965394359302,0,58.34011915113654,0
2022-04-24,142,12.767236304716928,0,58.284472362647016,0
2022-04-25,121,6.22035052124395,0,58.22799547446948,0
2022-04-26,60,10.942907505617747,1,58.17069414555784,0
2022-04-27,154,14.364491738836605,0,58.11257411747452,0
2022-04-28,63,13.761051925980425,0,58.05364121381518,0
2022-04-29,109,7.777526237492611,0,57.99390133962517,0
2022-04-30,79,13.514486375512654,0,57.93336048080781,0
2022-05-01,84,5.003325061204894,0,57.87202470352472,0
2022-05-02,54,5.176878096132572,0,57.80990015358788,0
2022-05-03,132,11.02553163842865,0,57.74699305584389,0
2022-05-04,172,8.647982191445294,0,57.68330971355018,0
2022-05-05,127,8.864608411591473,0,57.61885650774352,0
2022-05-06,111,10.644410906788824,0,57.55363989660057,0
2022-05-07,181,6.917824555918606,0,57.48766641479077,0
2022-05-08,138,7.117553506654783,0,57.420942672821646,0
2022-05-09,91,9.846015870188648,0,57.353475356376336,0
2022-05-10,138,12.54253544343863,0,57.28527122564378,0
2022-05-11,195,11.194977514075877,0,57.216337114641306,0
2022-05-12,89,7.973550482368389,1,57.14667993052986,0
2022-05-13,121,9.30337177508921,0,57.07630665292193,0
2022-05-14,88,6.706647585499984,0,57.005224333182205,0
2022-05-15,153,5.746298143370817,1,56.933440093721,1
2022-05-16,63,12.826960407441492,0,56.86096112728061,0
2022-05-17,81,7.653874091881946,0,56.78779469621461,1
2022-05-18,174,6.777663878512482,0,56.71394813176015,0
2022-05-19,146,11.916180555693193,0,56.639428833303384,0
2022-05-20,72,11.180516742871859,1,56.56424426763807,0
2022-05-21,112,11.331896260134641,0,56.488401968217346,0
2022-05-22,192,7.288946048466136,1,56.41190953439895,0
2022-05-23,194,7.32645538562681,0,56.33477463068374,0
2022-05-24,102,7.208026297856391,0,56.2570049859477,0
2022-05-25,153,6.737525956622945,0,56.17860839266751,0
2022-05-26,153,11.557236725616562,0,56.0995927061398,0
2022-05-27,88,13.480158852494014,0,56.019965843693974,0
2022-05-28,183,12.243174696766612,1,55.93973578389894,0
2022-05-29,116,12.920936337605433,0,55.85891056576368,0
2022-05-30,184,9.047984290851998,0,55.77749828793169,0
2022-05-31,91,11.540757953719982,0,55.69550710786956,0
2022-06-01,64,8.542362404447745,0,55.61294524104956,0
2022-06-02,160,10.255046219686399,0,55.52982096012648,0
2022-06-03,82,9.816348465348623,0,55.44614259410867,0
2022-06-04,87,6.768871451438544,0,55.36191852752355,0
2022-06-05,146,8.870787603356309,0,55.27715719957742,0
2022-06-06,82,14.63822275482351,0,55.191867103309875,0
2022-06-07,135,7.485802577149421,1,55.106056784742826,0
2022-06-08,115,6.338037362794887,1,55.01973484202419,0
2022-06-09,59,9.185806216239353,0,54.93290992456632,0
2022-06-10,54,12.903377358601482,0,54.84559073217939,0
2022-06-11,172,10.821482297799722,1,54.75778601419965,0
2022-06-12,123,11.809748272382446,0,54.66950456861275,0
2022-06-13,146,6.896948481746772,1,54.5807552411722,0
2022-06-14,167,11.189481930077214,0,54.49154692451302,0
2022-06-15,87,8.235003949114738,0,54.40188855726068,0
2022-06-16,190,13.343033659547675,1,54.31178912313552,0
2022-06-17,96,11.292988060107362,1,54.22125765005251,0
2022-06-18,158,6.988562777752959,0,54.130303209216706,0
2022-06-19,64,5.646166798440861,0,54.03893491421431,0
2022-06-20,185,5.426332092870327,0,53.94716192009947,0
2022-06-21,54,8.714085676501409,0,53.85499342247698,0
2022-06-22,96,7.658511366543134,0,53.76243865658089,0
2022-06-23,117,11.46090123462508,0,53.669506896349105,0
2022-06-24,125,9.993338349786182,1,53.57620745349415,0
2022-06-25,179,7.660192780053807,0,53.48254967657017,0
2022-06-26,144,6.492377779501761,0,53.388542950036204,0
2022-06-27,164,6.271997626874496,0,53.29419669331582,0
2022-06-28,85,13.646603921404177,0,53.199520359853345,0
2022-06-29,75,7.434779684048673,0,53.10452343616663,0
2022-06-30,92,11.517106479109684,0,53.009215440896476,0
2022-07-01,76,13.106859279862663,0,52.9136059238529,0
2022-07-02,118,11.140813111847361,1,52.81770446505824,0
2022-07-03,197,13.595652316469458,1,52.72152067378724,0
2022-07-04,60,8.923937215284745,0,52.625064187604195,0
2022-07-05,123,14.562221906489484,1,52.528344671397306,0
2022-07-06,153,6.331450041780969,0,52.43137181641022,0
2022-07-07,87,6.021495296575381,0,52.33415533927101,0
2022-07-08,183,11.586921462074436,0,52.23670498101853,0
2022-07-09,72,14.428311414132617,0,52.13903050612645,0
2022-07-10,96,13.08883461636328,0,52.04114170152475,0
2022-07-11,139,5.764168594380514,1,51.94304837561917,0
2022-07-12,95,7.793677139347164,0,51.84476035730835,0
2022-07-13,156,14.303188848378237,1,51.746287494999024,0
2022-07-14,189,7.530584328007846,0,51.64763965561918,0
2022-07-15,190,12.811704237869193,0,51.54882672362943,0
2022-07-16,153,13.251321959287038,1,51.44985860003256,0
2022-07-17,160,9.954521034609819,0,51.350745201381486,0
2022-07-18,153,8.863489098483155,0,51.2514964587856,0
2022-07-19,109,9.501244324197597,0,51.15212231691569,0
2022-07-20,149,7.269646943653641,0,51.05263273300747,0
2022-07-21,117,13.893909161288443,0,50.953037675863904,0
2022-07-22,182,9.506196567297579,0,50.8533471248563,0
2022-07-23,169,13.824594404560997,0,50.753571068924415,0
2022-07-24,86,6.056934799062741,1,50.65371950557554,0
2022-07-25,121,14.882752710001313,0,50.55380243988278,0
2022-07-26,176,9.432730874436182,0,50.45382988348253,0
2022-07-27,155,5.478308203941054,0,50.35381185357133,0
2022-07-28,141,5.380218482374549,1,50.253758371902144,0
2022-07-29,80,12.462072574818386,0,50.15367946378018,0
2022-07-30,171,11.590355342036808,0,50.05358515705835,0
2022-07-31,186,13.021305581275875,0,49.953485481132525,0
2022-08-01,100,6.053675339528059,0,49.85339046593654,0
2022-08-02,78,5.355708670355483,1,49.75331014093726,0
2022-08-03,89,10.085792894475784,0,49.65325453412955,0
2022-08-04,90,8.875952314827696,0,49.55323367103158,0
2022-08-05,60,9.619469366709557,0,49.45325757368018,0
2022-08-06,50,14.91588408870274,0,49.353336259626694,0
2022-08-07,95,14.707499576706702,1,49.25347974093321,0
2022-08-08,150,14.423153896731929,1,49.15369802316934,0
2022-08-09,198,12.838426767676738,0,49.05400110440971,0
2022-08-10,139,8.548413602568903,1,48.9543989742321,0
2022-08-11,159,9.121309302627715,0,48.854901612716546,0
2022-08-12,106,10.496160437189245,0,48.755518989445314,0
2022-08-13,50,13.305344564048399,0,48.65626106250396,0
2022-08-14,112,5.687128325182678,0,48.55713777748353,0
2022-08-15,104,9.242968858848881,0,48.458159066484036,1
2022-08-16,164,5.826176634592687,1,48.359334847119236,0
2022-08-17,192,10.146575865735116,0,48.26067502152291,0
2022-08-18,198,13.989008240062354,1,48.162189475356676,0
2022-08-19,102,12.82484924563938,0,48.063888076819445,0
2022-08-20,186,7.2784241754311,1,47.965780675658635,0
2022-08-21,106,14.759908495987924,0,47.86787710218323,0
2022-08-22,166,11.673503980464284,0,47.77018716627878,0
2022-08-23,84,5.104276993974031,0,47.672720656424495,0
2022-08-24,112,7.554134846852195,1,47.57548733871238,0
2022-08-25,74,7.607132999199165,0,47.47849695586873,0
2022-08-26,139,5.692543062858599,1,47.381759226277886,0
2022-08-27,124,14.59826518075929,0,47.285283843008486,0
2022-08-28,87,9.782552945759237,0,47.189080472842186,0
2022-08-29,179,13.95814597371882,1,47.09315875530509,0
2022-08-30,184,8.222155034446283,0,46.997528301701855,0
2022-08-31,140,6.252335704328271,0,46.90219869415265,0
2022-09-01,66,9.743361099062138,0,46.80717948463303,0
2022-09-02,177,6.139566347143171,1,46.712480194016834,0
2022-09-03,157,9.860155029775399,0,46.61811031112219,0
2022-09-04,74,14.202971812194077,1,46.524079291760756,0
2022-09-05,137,10.207681418342126,0,46.43039655779025,0
2022-09-06,78,11.164997268950835,1,46.33707149617039,0
2022-09-07,112,6.566384369738083,1,46.24411345802227,0
2022-09-08,199,5.437356258799695,0,46.151531757691494,0
2022-09-09,163,6.108079621798071,0,46.059335671814765,0
2022-09-10,98,10.985315756843656,0,45.96753443839045,0
2022-09-11,130,5.950116989923046,0,45.87613725585292,0
2022-09-12,133,8.759928899413115,0,45.78515328215084,0
2022-09-13,154,10.500919404581559,0,45.69459163382958,0
2022-09-14,197,8.886527986298471,0,45.604461385117744,0
2022-09-15,167,6.636838014653015,0,45.514771567017924,0
2022-09-16,135,7.737913075141066,0,45.42553116640178,0
2022-09-17,112,14.28317532848577,0,45.336749125109606,0
2022-09-18,153,11.759822755863553,1,45.24843433905433,0
2022-09-19,98,9.960478386798865,0,45.16059565733014,0
2022-09-20,120,5.127148899868935,0,45.073241881325856,0
2022-09-21,50,14.924154004894701,0,44.986381763842985,0
2022-09-22,190,11.714549348946433,1,44.900024008218715,0
2022-09-23,172,8.16922477344945,1,44.81417726745384,0
2022-09-24,111,13.792686599978381,1,44.72885014334577,0
2022-09-25,81,7.584316202918181,1,44.64405118562655,0
2022-09-26,78,10.440165791827516,0,44.5597888911063,0
